,Date posted
0,28/01/16 08:43
1,06/03/16 16:49
2,15/06/16 22:17
3,15/06/16 21:21
4,14/06/16 05:45
5,13/06/16 02:05
6,06/06/16 16:03
7,07/03/17 13:22
8,03/01/18 17:08
9,23/09/18 10:29
10,08/10/18 23:44
11,08/10/19 13:31
12,12/01/20 08:53
13,09/04/20 07:15
14,09/04/20 07:14
15,22/06/20 19:58
16,22/06/20 15:06
17,29/07/20 00:13
18,24/08/20 10:17
19,16/08/20 01:50
20,19/01/21 20:02
21,23/02/21 15:05
22,24/03/21 23:19
23,16/04/21 10:05
24,21/09/21 07:48
25,16/09/21 23:31
26,30/10/21 20:16
27,21/10/21 14:38
28,17/10/21 07:05
29,15/10/21 20:37
30,13/10/21 08:01
31,11/10/21 16:52
32,10/10/21 13:18
33,10/10/21 00:51
34,08/10/21 21:42
35,07/10/21 06:15
36,20/11/21 22:55
37,20/11/21 16:44
38,18/11/21 09:21
39,12/11/21 08:53
40,10/11/21 01:19
41,08/11/21 19:01
42,07/11/21 11:03
43,04/11/21 01:50
44,02/11/21 21:08
45,17/12/21 03:42
46,16/12/21 13:28
47,26/01/22 17:03
48,16/01/22 04:36
49,17/02/22 01:12
50,31/03/22 07:40
51,27/03/22 02:13
52,21/03/22 10:00
53,02/04/22 00:26
54,25/05/22 23:05
55,18/05/22 12:48
56,11/05/22 10:20
57,11/05/22 09:18
58,10/05/22 08:04
59,02/05/22 15:32
60,19/07/22 03:23
61,24/10/22 02:09
62,23/12/22 14:22
63,20/12/22 23:17
