,Joined
0,09/15
1,04/12
2,07/12
3,08/12
4,02/14
5,06/11
6,06/13
7,03/17
8,07/09
9,07/17
10,12/13
11,07/11
12,06/13
13,01/19
14,01/19
15,06/20
16,06/20
17,06/20
18,11/14
19,03/11
20,01/21
21,06/20
22,02/21
23,02/21
24,07/21
25,04/21
26,10/21
27,03/17
28,10/21
29,02/14
30,02/17
31,05/16
32,12/20
33,07/15
34,04/19
35,08/20
36,10/21
37,01/20
38,02/20
39,10/21
40,01/13
41,06/15
42,09/19
43,11/20
44,02/17
45,09/14
46,11/21
47,12/18
48,03/21
49,11/21
50,05/21
51,10/13
52,11/21
53,10/11
54,11/21
55,03/22
56,06/15
57,05/22
58,05/22
59,03/22
60,11/20
61,02/21
62,05/15
63,05/15
